model,version,recall,precision,f1,file
Logistic Regression,v0,0.8853688399142944,0.8853688399142944,0.8709342550454688,
Logistic Regression,v1,0.8856749311294766,0.8571103546770557,0.8711400483859387,logistic_regression_v1.joblib
Logistic Regression,v2,0.8867462503826141,0.8573206526758974,0.8717655491370842,logistic_regression_v2.joblib
Linear SVC,v0,0.8875114784205693,0.8875114784205693,0.8716673989116179,
Linear SVC,v1,0.8874349556167737,0.856400224418305,0.8716248628750242,linear_svc_v1.joblib
Linear SVC,v2,0.887894092439547,0.8568450952713432,0.8720757855317863,linear_svc_v2.joblib
