model,version,recall,precision,f1,file
Logistic Regression,v0,0.8853688399142944,0.8853688399142944,0.8709342550454688,
Logistic Regression,v1,0.8856749311294766,0.8571103546770557,0.8711400483859387,logistic_regression_v1.joblib
Logistic Regression,v2,0.8867462503826141,0.8573206526758974,0.8717655491370842,logistic_regression_v2.joblib
