model,version,recall,precision,f1,file
Logistic Regression,v0,0.8855218855218855,0.8855218855218855,0.8709208329196105,
Logistic Regression,v1,0.8859810223446587,0.8570896952019277,0.8712749087558519,logistic_regression_v1.joblib
